status,order_id,address,btcvalue,received,balance,created_by
-1,369722b9-f585-11ed-8c75-7aa75e14d13a,bc1qpu66wasm0c970f8xqlmrynlaqs5hsdvpk4da94,3710.464995473233,,,Alesh101
-1,577b6a51-ff3e-11ed-b2e4-b26513c39500,bc1q6ycdswn5wkqp600dgtdd4fkt5fxql473av5uyc,3641.3821229986056,,0.0,Serenabrown
-1,4a748c05-ffe6-11ed-924c-b26513c39500,bc1qvjt0t578ld5upyga2ujsa0de6wcdhkyg400yzv,3738.2898071790114,,,shawn19
-1,66eb2785-0013-11ee-a49f-b26513c39500,bc1q7t6znhga4u76mus6s05ym7d8dg6apsh2rpuxu7,3700.304905124183,0.0,,elroy133
2,5fa996ad-ff0f-11ed-9751-b26513c39500,bc1qxdjy2je4fqwdjcns6n4c0zsc5la9q2m5pvwecj,3648.6363221745873,0.0,71.71111579199999,Chynex1
-1,2c0bb2d2-ffe4-11ed-acd0-b26513c39500,bc1qzzk83v94d2rwhcwdtdjtkc5tt62p2gt8k4j399,3732.0813444449836,0.0,0.0,jehsgsg
-1,b070ee63-079b-11ee-85bf-cab82dad2c0e,bc1qqxfwdw2w4u7835unl0p9fnhm44wvjan0dpml06,3933.430620184006,,0.0,Allyson
-1,e3192bdb-00ab-11ee-a38a-b26513c39500,bc1qhylvv99upjkumn3p3ravgz7pfm39hzz4vypdcl,3744.701247734456,0.0,0.0,Novacaneee2
-1,ea267bd0-0d99-11ee-a2f3-7e9a5e4b53eb,bc1qvf5a2s7l840ed8shjhuu5feu2fcr2zynzdy6ux,3796.4783866485445,0.0,0.0,tronpage21
-1,e295dc45-ef6f-11ed-96c5-6eeecd520c68,bc1q2jxuwq804lpqp6ld2eu7rjsg0w9wztdxlay64x,3643.027064048059,0.0,0.0,Killerd
-1,696df89b-fbef-11ed-88bd-b26513c39500,bc1qzcmcrt733297gt7378numfgdzq0h923s7nzwu4,3810.990133346545,,,Sammy233
-1,e6e02d76-f72f-11ed-8654-f2dbe7cef615,bc1qp8h03lthsaa86glu2xeafzmm5nseh4t2v5rlt8,3751.120647293379,,,Moly
-1,fc550b47-1731-11ee-ab9d-4a367062ec66,bc1q7y5awrjqm5yt0kqh0kqnpqe8dmn7wc02z4prlh,3281.3997138619447,0.0,0.0,sabrinala90
-1,02b6de1f-f926-11ed-bcd0-f2dbe7cef615,bc1q5cv0e4hvaw52x5xc6np93azldth44au3e6lfm6,3689.8054365593302,0.0,0.0,Rainbow10
-1,dc1b444c-fab3-11ed-9e8c-b26513c39500,bc1qsawxqlfuvk9kdjswz494ela645c924ss022aey,3855.733861825921,,,paperroute58
-1,96341158-fdb9-11ed-9e0f-b26513c39500,bc1qvkclljnzg36vvadlljhs3kz38tks3l2qwqyz38,3565.7488429145005,,0.0,Hitek42
-1,88e09ec1-f045-11ed-be45-6eeecd520c68,bc1qmy3muktetumkz0wdk5d9dgwdqk3xhcse6snz8r,3738.946738703707,0.0,0.0,Ddtym
-1,f1aa764e-f147-11ed-b8f5-b228bed158bf,bc1qr5x7dua2degeyu5v8qc3r4fvyhpj25mana7v63,3764.3232499661212,,,maurine123
-1,8dd12462-f149-11ed-9b88-b228bed158bf,bc1q6dngc00sllhfmejex9nzwrt4lxvkkmf3t4cdzc,3767.30133136429,,,calabartout
-1,21baae36-f212-11ed-93d3-8212e7092e97,bc1q5ex4rtp0lnr34t5p3frtu9juzwpfzrukqfzljk,3761.4206133372454,,,Kwawa
-1,78d5dead-f3b8-11ed-9e7e-5e8d4d191677,bc1qr9f65hwuutj996k2z5sl2q4clxp5zsx44a9u5r,3728.880552769253,,0.0,Zelato777
-1,cba360eb-0340-11ee-87aa-b26513c39500,bc1q898t8l7mc3djt7ap0mmprajh6cv0u7phukrjxu,3733.9208035397564,,0.0,Kingsatchmo
-1,d4f4f8ed-fe56-11ed-8347-b26513c39500,bc1qun987yrrmh2j7awuxcj8wpm3myn7u8h9nnev6u,3649.142269109646,0.0,,Lucas
-1,cbc8f282-11ea-11ee-bb40-7e9a5e4b53eb,bc1qkw9efesa0ue6yks6yvhettqtyu3yu0y7a8p89j,3241.3965232780893,,,SammyPiddy
-1,eb1ab8fe-fe6c-11ed-b148-b26513c39500,bc1q2x7m6u0gu4xemvdddh2nepr9d7tadgj368l360,3657.805024360982,0.0,,OptionsPlug
-1,423f0d08-1161-11ee-b4e7-7e9a5e4b53eb,bc1qweumzzum6mj5qv444stzqdzavj9sz3gey2fh0s,3368.1260756952656,0.0,0.31,Sinnaspin27
2,7cc0e38c-f537-11ed-8e29-7aa75e14d13a,bc1qmxsg4eq2rvm7fpa2k4zhwcanwfahqsu7dkh2t7,3697.021679335128,0.0,35.69699957600001,Kawawa
-1,520e9bc4-1382-11ee-a524-7e9a5e4b53eb,bc1qwmrxhur6xsl8qxhxlwyxf59la0tl3umdragvk4,3308.0597567914465,,,jensel
2,dd786f26-e2f0-11ed-9323-22a58be78c4d,bc1qty0xuem2lm20dqft7d9raz0yh63g4rq448dmyk,3679.4059966958935,0.0,643.7,Rexxy
-1,9d51716a-0ad9-11ee-a9da-cab82dad2c0e,bc1q00t2gf29w2ays4cw6uvh3esykplxpa2rt6u8r6,3895.871155749137,,,Salakos
-1,3c779227-ff3e-11ed-9b78-b26513c39500,bc1q287nl266u9fnahp7pryl8gq8p2rvap3n6zwxu4,3641.3821229986056,0.0,10.0,Jamesthielemier57
-1,839bf3be-0c5d-11ee-b507-7e9a5e4b53eb,bc1qpv5xygjahatu4xfusphcjagv4hw34svkkn3nyf,3949.057162602429,,,Mahamoud01
-1,96c9e3ca-fae0-11ed-acbc-b26513c39500,bc1qxc4ghx6ca0r4zwt3f0n7tr58knfrjryrzwmwn6,3848.6999091706825,0.0,0.0,Nelly
-1,aa647643-05db-11ee-b63f-b26513c39500,bc1q6qyknaq2fp839fxg3k2rwhsuvll48e8rprv3wg,3821.3737074203436,,,Eze1807
-1,354f6d44-0d8d-11ee-b617-7e9a5e4b53eb,bc1qsmuvmyxr8qusq6e56875m466qhaaf7nkugerf5,3806.9568329164713,0.0,,Syfer228
-1,e1322636-0d97-11ee-9d85-7e9a5e4b53eb,bc1q4qgc7ert0fly73dmj6fs9dyumqp0r8p7yrwt0c,3805.9860548670945,0.0,0.0,Duron33
-1,38a61961-1762-11ee-9a49-6a2a40c1edcc,bc1q379fuw7kwcsv2hwrndlkn2cqc4ghnsnf3p3n2t,3361.5140259172736,,,Jaylinrhea
-1,a0c4635d-0e10-11ee-a2c8-7e9a5e4b53eb,bc1qeuqleyzqftwq2cmudnvraaq0853gx095urqk3z,3792.1737118933943,0.0,0.3,Tomd277
-1,5a5bd1d5-0bd3-11ee-87ae-cab82dad2c0e,bc1qylx75pctdeq9qj8vvm5qqfrjhuy8ph08an2pag,3948.1060935069445,,0.0,banger2gone
-1,a1b9c6bc-1734-11ee-9d76-4a367062ec66,bc1qrx2k8tf9cy75uqya08np4dmdq54cgth6k6cvvd,3278.4627943649784,0.0,0.0,Sabrinala90
-1,51749c4e-1753-11ee-80d9-6a2a40c1edcc,bc1q4t6t8drnw2u5jmda4vfdznv9myenz0ce7ft3vd,3351.768057650411,0.0,4.599999999999994,Fakeie187
-1,da4e7499-1c05-11ee-9f93-b60d80ff59ee,bc1q0jd0fqy8g6gdvm9c2ls9xv2ame0gj9hm9sgeu9,3324.490189429451,,0.0,Trippyj
-1,1d325548-207c-11ee-9ee7-b60d80ff59ee,bc1qnt277f67jpy4d8kvekjwrtgrq2l0dc7sdy9ge9,3294.5781127997648,,,Boyz
-1,ebd45760-2109-11ee-b511-b60d80ff59ee,bc1qwacnmw50a0u72g69f7r9akq52njh3nk8sxp5rd,3326.359067155863,,,Desiboou
-1,6802a786-1e40-11ee-8d31-b60d80ff59ee,bc1q9hygmnlkwl0mj3nwany30nhz5kqzspdhge36sp,3335.25666467663,0.0,0.0,Kash
-1,c302a325-119f-11ee-b7c5-7e9a5e4b53eb,bc1qj2nuvzy0f4a03y8l22e8akmueg2g2jswc7yp4p,3367.060051516019,0.0,0.0,Sirtee
-1,36a90610-21c0-11ee-ae47-b60d80ff59ee,bc1qzpjq85t00vnlqrxw8pj6qqyjwwuxtx9gf557xa,3211.87107549503,,0.0,Elyise
-1,531be23d-21f7-11ee-a5f5-b60d80ff59ee,bc1qp9ru6uj36fcshynvzfrza6l7g66xc2dyux2yr7,3205.939965568205,,,Dabank
-1,117c1bc4-225d-11ee-b7b4-b60d80ff59ee,bc1qp70gg9d6aajadtenp7xk5txtdczc30k7x6cd6s,3225.7232071430417,,,Redanboyi
-1,54dad1cb-22e8-11ee-af78-b60d80ff59ee,bc1qfcddx4hp6p050h53d9dfm99ulvp9ftdl9t9x5c,3331.4899089170663,,,Mankind
-1,e28af3e1-22ea-11ee-9db5-b60d80ff59ee,bc1qldw708306y3gfw4lh0eqhn6en7v526rcdmzc35,3329.8370044786307,,0.0,MMerritt1
-1,1bc7d413-3064-11ee-97d8-b60d80ff59ee,bc1qazv0z2lap0vl3mj0g5pef4clep3szjexsp8eqa,3500.21176281165,,,e2cgaming!
-1,9862f91e-22d5-11ee-8244-b60d80ff59ee,bc1qan5zz295e9dk3ej3uce37ntsn43pr964e2fg9q,3335.1454290164324,0.0,,Jahmiah90
-1,62591d2b-308d-11ee-9b4a-b60d80ff59ee,bc1qx0v0h4n5wgqjqqxqzf0t6rlh85ye7c7aa5d5c9,3493.0714926942414,,0.0,Kennethboy11
-1,942eff3b-2fcb-11ee-8f6a-b60d80ff59ee,bc1qpjqlqythd07c7jrktnw8nycslqfyl6pspnla9u,3455.21011132687,0.0,,Briize09
-1,343258e0-23c0-11ee-a91e-b60d80ff59ee,bc1qu0r9s6nulklt5qlwy8ej484hkxh84ks96q0qjk,3332.267007890808,,,Blueeyes83
-1,85d164e4-2685-11ee-9b26-b60d80ff59ee,bc1q05xnrktmwhlmn22p8a2eka4vw0cd8j3m7trtqy,3381.2913151532575,,,jdixon9989
-1,afef9b6d-26a8-11ee-808d-b60d80ff59ee,bc1qnp4d9lmrwxe502r7585u5ntvyyr9cu58h0dq5f,3367.162088448614,0.0,0.0,farhansiddiq333
-1,2a3374d8-2956-11ee-8541-b60d80ff59ee,bc1qd9guljgqfhv56233tdrgfskjxcf0w9wxaxehd7,3377.5339948796586,,0.0,fugi
-1,a142f8ca-269b-11ee-a70e-b60d80ff59ee,bc1qruvr82z52erwlvqsd0j8yerfsmed3nul9lk7ac,3365.4509536005276,0.0,0.0,Reyrey1996
-1,e02092df-2a38-11ee-9977-b60d80ff59ee,bc1qkye9emfq4anv2z4pj3nxsy69yfnrvvssnrynd7,3479.7132716264177,,,smokce
-1,5b6deba8-26ba-11ee-b5ed-b60d80ff59ee,bc1qpw5ewgj64ctum485fs6k7tk2sm3s2a6mcjtzh4,3370.6009444423844,0.0,,4U2NV
-1,cde8c93d-2aee-11ee-be2c-b60d80ff59ee,bc1qjxaegl69twayspzk0t2zm7mt36qcykj4v6t98e,3469.1626135283464,,,yarazamani66
-1,6fcd3af2-2385-11ee-a3f1-b60d80ff59ee,bc1q2h4gk4p0rz28rxfhdtrucspeqzgem4ufma4aka,3339.8014154078396,0.0,0.0,Lucky_Se7en160
-1,7199099c-2cbf-11ee-aee5-b60d80ff59ee,bc1qsaqe5es699jff6pttldza4twyjjpkqkrnmaaqz,3466.8413954729986,0.0,0.0,Denkerpark
-1,917f009e-2d6e-11ee-88c3-b60d80ff59ee,bc1q7jumqukhvl4xyrdn7r5xa9sd4p29van5hwtt4u,3458.8432244720075,0.0,,Timlytle12
-1,917f009e-2d6e-11ee-88c3-b60d80ff59,bc1qz8f5svpfpy3dpw2l7tt7vx7g9lcm89upx4hl42,3458.8432244720075,10.0,10.1,Nchavis18
-1,08210bd7-2f06-11ee-ba0a-b60d80ff59ee,bc1qjelwjcctl6w9wurkqml2q9ah5v97fsmh9vxzh3,3438.529409742041,,0.0,Rothschild
-1,ebdf026d-2e8e-11ee-a364-b60d80ff59ee,bc1q93mhqkjzm7g8kq78yhm5a6kuza5ry5yfyzznuf,3445.2820307870397,0.0,,ganggeng
